timeStamp,elapsed,label,responseCode,responseMessage,threadName,dataType,success,failureMessage,grpThreads,allThreads,URL,Latency,Connect
1731711176798,284,GET Movies,200,OK,users 1-1,text,true,,29,29,https://november7-730026606190.europe-west1.run.app/movies/?limit=100,145,85
1731711176817,267,GET Movies,200,OK,users 1-3,text,true,,28,28,https://november7-730026606190.europe-west1.run.app/movies/?limit=100,132,75
1731711176827,283,GET Movies,200,OK,users 1-4,text,true,,30,30,https://november7-730026606190.europe-west1.run.app/movies/?limit=100,144,77
1731711176808,303,GET Movies,200,OK,users 1-2,text,true,,29,29,https://november7-730026606190.europe-west1.run.app/movies/?limit=100,164,77
1731711176842,292,GET Movies,200,OK,users 1-5,text,true,,30,30,https://november7-730026606190.europe-west1.run.app/movies/?limit=100,131,76
1731711176867,296,GET Movies,200,OK,users 1-8,text,true,,32,32,https://november7-730026606190.europe-west1.run.app/movies/?limit=100,137,78
1731711176850,314,GET Movies,200,OK,users 1-6,text,true,,31,31,https://november7-730026606190.europe-west1.run.app/movies/?limit=100,150,77
1731711176857,307,GET Movies,200,OK,users 1-7,text,true,,30,30,https://november7-730026606190.europe-west1.run.app/movies/?limit=100,147,74
1731711176878,288,GET Movies,401,Unauthorized,users 1-9,text,false,,29,29,https://november7-730026606190.europe-west1.run.app/movies/?limit=100,133,74
1731711176889,286,GET Movies,200,OK,users 1-10,text,true,,29,29,https://november7-730026606190.europe-west1.run.app/movies/?limit=100,131,75
1731711176902,298,GET Movies,405,Method Not Allowed,users 1-11,text,false,,30,30,https://november7-730026606190.europe-west1.run.app/movies/?limit=100,136,74
1731711176908,292,GET Movies,200,OK,users 1-12,text,true,,30,30,https://november7-730026606190.europe-west1.run.app/movies/?limit=100,130,74
1731711176928,277,GET Movies,200,OK,users 1-14,text,true,,29,29,https://november7-730026606190.europe-west1.run.app/movies/?limit=100,136,78
1731711177701,8752,GET Movies,200,OK,users 1-91,text,true,,87,87,https://november7-730026606190.europe-west1.run.app/movies/?limit=100,8602,78
1731711177577,8903,GET Movies,200,OK,users 1-79,text,true,,86,86,https://november7-730026606190.europe-west1.run.app/movies/?limit=100,8731,74
1731711177709,8776,GET Movies,200,OK,users 1-92,text,true,,85,85,https://november7-730026606190.europe-west1.run.app/movies/?limit=100,8600,78
1731711177677,8808,GET Movies,200,OK,users 1-89,text,true,,84,84,https://november7-730026606190.europe-west1.run.app/movies/?limit=100,8631,75
1731711177470,9015,GET Movies,200,OK,users 1-68,text,true,,84,84,https://november7-730026606190.europe-west1.run.app/movies/?limit=100,8833,78
1731711177550,8941,GET Movies,200,OK,users 1-76,text,true,,82,82,https://november7-730026606190.europe-west1.run.app/movies/?limit=100,8758,77
1731711177480,9041,GET Movies,200,OK,users 1-69,text,true,,81,81,https://november7-730026606190.europe-west1.run.app/movies/?limit=100,8828,77
1731711176918,10296,GET Movies,200,OK,users 1-13,text,true,,80,80,https://november7-730026606190.europe-west1.run.app/movies/?limit=100,129,73
1731711176937,10293,GET Movies,200,OK,users 1-15,text,true,,79,79,https://november7-730026606190.europe-west1.run.app/movies/?limit=100,134,77
1731711176950,10282,GET Movies,200,OK,users 1-16,text,true,,78,78,https://november7-730026606190.europe-west1.run.app/movies/?limit=100,128,74
1731711176988,10246,GET Movies,200,OK,users 1-20,text,true,,77,77,https://november7-730026606190.europe-west1.run.app/movies/?limit=100,132,76
1731711177001,10234,GET Movies,200,OK,users 1-21,text,true,,76,76,https://november7-730026606190.europe-west1.run.app/movies/?limit=100,135,77
1731711176968,10268,GET Movies,200,OK,users 1-18,text,true,,75,75,https://november7-730026606190.europe-west1.run.app/movies/?limit=100,139,72
1731711177018,20263,GET Movies,200,OK,users 1-23,text,true,,74,74,https://november7-730026606190.europe-west1.run.app/movies/?limit=100,147,76
1731711177007,20274,GET Movies,200,OK,users 1-22,text,true,,74,74,https://november7-730026606190.europe-west1.run.app/movies/?limit=100,141,77
1731711176961,20320,GET Movies,200,OK,users 1-17,text,true,,74,74,https://november7-730026606190.europe-west1.run.app/movies/?limit=100,145,74
1731711177037,20244,GET Movies,400,Bad Request,users 1-25,text,false,,74,74,https://november7-730026606190.europe-west1.run.app/movies/?limit=100,132,78
1731711177050,20232,GET Movies,200,OK,users 1-26,text,true,,70,70,https://november7-730026606190.europe-west1.run.app/movies/?limit=100,131,77
1731711177028,20254,GET Movies,200,OK,users 1-24,text,true,,70,70,https://november7-730026606190.europe-west1.run.app/movies/?limit=100,130,75
1731711176978,20305,GET Movies,200,OK,users 1-19,text,true,,68,68,https://november7-730026606190.europe-west1.run.app/movies/?limit=100,132,75
1731711177068,20216,GET Movies,403,Forbidden,users 1-28,text,false,,67,67,https://november7-730026606190.europe-west1.run.app/movies/?limit=100,134,79
1731711177089,20196,GET Movies,200,OK,users 1-30,text,true,,66,66,https://november7-730026606190.europe-west1.run.app/movies/?limit=100,10142,76
1731711177167,20118,GET Movies,200,OK,users 1-38,text,true,,66,66,https://november7-730026606190.europe-west1.run.app/movies/?limit=100,10066,78
1731711177151,20134,GET Movies,200,OK,users 1-36,text,true,,66,66,https://november7-730026606190.europe-west1.run.app/movies/?limit=100,10082,75
1731711177080,20205,GET Movies,200,OK,users 1-29,text,true,,66,66,https://november7-730026606190.europe-west1.run.app/movies/?limit=100,10151,80
1731711177109,20176,GET Movies,200,OK,users 1-32,text,true,,66,66,https://november7-730026606190.europe-west1.run.app/movies/?limit=100,10126,75
1731711177060,20225,GET Movies,200,OK,users 1-27,text,true,,66,66,https://november7-730026606190.europe-west1.run.app/movies/?limit=100,10170,78
1731711177101,20184,GET Movies,200,OK,users 1-31,text,true,,66,66,https://november7-730026606190.europe-west1.run.app/movies/?limit=100,10130,76
1731711177211,20213,GET Movies,200,OK,users 1-42,text,true,,59,59,https://november7-730026606190.europe-west1.run.app/movies/?limit=100,20070,82
1731711177178,20246,GET Movies,200,OK,users 1-39,text,true,,59,59,https://november7-730026606190.europe-west1.run.app/movies/?limit=100,20103,74
1731711177777,19648,GET Movies,200,OK,users 1-99,text,true,,57,57,https://november7-730026606190.europe-west1.run.app/movies/?limit=100,19505,75
1731711177238,20217,GET Movies,200,OK,users 1-45,text,true,,56,56,https://november7-730026606190.europe-west1.run.app/movies/?limit=100,20047,78
1731711177571,19884,GET Movies,404,Not Found,users 1-78,text,false,,56,56,https://november7-730026606190.europe-west1.run.app/movies/?limit=100,19714,77
1731711177721,19739,GET Movies,200,OK,users 1-93,text,true,,54,54,https://november7-730026606190.europe-west1.run.app/movies/?limit=100,19564,76
1731711177370,20090,GET Movies,200,OK,users 1-58,text,true,,54,54,https://november7-730026606190.europe-west1.run.app/movies/?limit=100,19915,77
1731711177407,20053,GET Movies,200,OK,users 1-62,text,true,,54,54,https://november7-730026606190.europe-west1.run.app/movies/?limit=100,19878,79
1731711177228,20233,GET Movies,200,OK,users 1-44,text,true,,51,51,https://november7-730026606190.europe-west1.run.app/movies/?limit=100,20053,77
1731711177672,19790,GET Movies,200,OK,users 1-88,text,true,,51,51,https://november7-730026606190.europe-west1.run.app/movies/?limit=100,19613,77
1731711177188,20283,GET Movies,200,OK,users 1-40,text,true,,49,49,https://november7-730026606190.europe-west1.run.app/movies/?limit=100,20093,74
1731711177521,19950,GET Movies,200,OK,users 1-73,text,true,,48,48,https://november7-730026606190.europe-west1.run.app/movies/?limit=100,19763,72
1731711177651,19821,GET Movies,200,OK,users 1-86,text,true,,47,47,https://november7-730026606190.europe-west1.run.app/movies/?limit=100,19633,74
1731711177342,20131,GET Movies,200,OK,users 1-55,text,true,,46,46,https://november7-730026606190.europe-west1.run.app/movies/?limit=100,19942,75
1731711177527,19946,GET Movies,200,OK,users 1-74,text,true,,45,45,https://november7-730026606190.europe-west1.run.app/movies/?limit=100,19757,76
1731711177501,30026,GET Movies,200,OK,users 1-71,text,true,,44,44,https://november7-730026606190.europe-west1.run.app/movies/?limit=100,19783,76
1731711177757,29770,GET Movies,200,OK,users 1-97,text,true,,44,44,https://november7-730026606190.europe-west1.run.app/movies/?limit=100,19527,74
1731711177309,30218,GET Movies,200,OK,users 1-52,text,true,,44,44,https://november7-730026606190.europe-west1.run.app/movies/?limit=100,19976,73
1731711177252,30275,GET Movies,200,OK,users 1-46,text,true,,44,44,https://november7-730026606190.europe-west1.run.app/movies/?limit=100,20032,76
1731711177221,30306,GET Movies,200,OK,users 1-43,text,true,,44,44,https://november7-730026606190.europe-west1.run.app/movies/?limit=100,20063,73
1731711177301,30226,GET Movies,200,OK,users 1-51,text,true,,44,44,https://november7-730026606190.europe-west1.run.app/movies/?limit=100,19984,77
1731711177277,30250,GET Movies,200,OK,users 1-49,text,true,,44,44,https://november7-730026606190.europe-west1.run.app/movies/?limit=100,20009,73
1731711177751,29776,GET Movies,200,OK,users 1-96,text,true,,44,44,https://november7-730026606190.europe-west1.run.app/movies/?limit=100,19535,72
1731711177127,30400,GET Movies,200,OK,users 1-34,text,true,,44,44,https://november7-730026606190.europe-west1.run.app/movies/?limit=100,20155,75
1731711177601,29926,GET Movies,200,OK,users 1-81,text,true,,44,44,https://november7-730026606190.europe-west1.run.app/movies/?limit=100,19683,73
1731711177638,29889,GET Movies,200,OK,users 1-85,text,true,,44,44,https://november7-730026606190.europe-west1.run.app/movies/?limit=100,19645,75
1731711177359,30168,GET Movies,200,OK,users 1-57,text,true,,44,44,https://november7-730026606190.europe-west1.run.app/movies/?limit=100,19924,74
1731711177771,29756,GET Movies,200,OK,users 1-98,text,true,,44,44,https://november7-730026606190.europe-west1.run.app/movies/?limit=100,19513,72
1731711177442,30085,GET Movies,200,OK,users 1-65,text,true,,44,44,https://november7-730026606190.europe-west1.run.app/movies/?limit=100,19842,74
1731711177351,30176,GET Movies,200,OK,users 1-56,text,true,,44,44,https://november7-730026606190.europe-west1.run.app/movies/?limit=100,19933,78
1731711177267,30260,GET Movies,200,OK,users 1-48,text,true,,44,44,https://november7-730026606190.europe-west1.run.app/movies/?limit=100,20017,75
1731711177378,30149,GET Movies,200,OK,users 1-59,text,true,,43,43,https://november7-730026606190.europe-west1.run.app/movies/?limit=100,19905,75
1731711177201,30326,GET Movies,200,OK,users 1-41,text,true,,44,44,https://november7-730026606190.europe-west1.run.app/movies/?limit=100,20083,77
1731711177487,30040,GET Movies,401,Unauthorized,users 1-70,text,false,,44,44,https://november7-730026606190.europe-west1.run.app/movies/?limit=100,19797,73
1731711177419,30109,GET Movies,200,OK,users 1-63,text,true,,43,43,https://november7-730026606190.europe-west1.run.app/movies/?limit=100,19864,75
1731711177451,30076,GET Movies,200,OK,users 1-66,text,true,,44,44,https://november7-730026606190.europe-west1.run.app/movies/?limit=100,19833,73
1731711177542,29985,GET Movies,404,Not Found,users 1-75,text,false,,44,44,https://november7-730026606190.europe-west1.run.app/movies/?limit=100,19742,75
1731711177287,30243,GET Movies,200,OK,users 1-50,text,true,,23,23,https://november7-730026606190.europe-west1.run.app/movies/?limit=100,19997,76
1731711177740,29791,GET Movies,200,OK,users 1-95,text,true,,21,21,https://november7-730026606190.europe-west1.run.app/movies/?limit=100,19544,73
1731711177727,29804,GET Movies,200,OK,users 1-94,text,true,,21,21,https://november7-730026606190.europe-west1.run.app/movies/?limit=100,19556,75
1731711177393,30138,GET Movies,200,OK,users 1-60,text,true,,21,21,https://november7-730026606190.europe-west1.run.app/movies/?limit=100,19892,75
1731711177397,30134,GET Movies,200,OK,users 1-61,text,true,,21,21,https://november7-730026606190.europe-west1.run.app/movies/?limit=100,19887,79
1731711177660,29871,GET Movies,200,OK,users 1-87,text,true,,21,21,https://november7-730026606190.europe-west1.run.app/movies/?limit=100,19623,75
1731711177559,29972,GET Movies,405,Method Not Allowed,users 1-77,text,false,,21,21,https://november7-730026606190.europe-west1.run.app/movies/?limit=100,19725,76
1731711177607,29924,GET Movies,200,OK,users 1-82,text,true,,21,21,https://november7-730026606190.europe-west1.run.app/movies/?limit=100,19676,73
1731711177618,29913,GET Movies,200,OK,users 1-83,text,true,,21,21,https://november7-730026606190.europe-west1.run.app/movies/?limit=100,19664,74
1731711177141,30391,GET Movies,200,OK,users 1-35,text,true,,13,13,https://november7-730026606190.europe-west1.run.app/movies/?limit=100,20141,75
1731711177459,30075,GET Movies,400,Bad Request,users 1-67,text,false,,12,12,https://november7-730026606190.europe-west1.run.app/movies/?limit=100,19826,76
1731711177328,30206,GET Movies,200,OK,users 1-54,text,true,,12,12,https://november7-730026606190.europe-west1.run.app/movies/?limit=100,19957,77
1731711177258,30276,GET Movies,200,OK,users 1-47,text,true,,12,12,https://november7-730026606190.europe-west1.run.app/movies/?limit=100,20028,82
1731711177788,29746,GET Movies,200,OK,users 1-100,text,true,,12,12,https://november7-730026606190.europe-west1.run.app/movies/?limit=100,19494,75
1731711177590,29944,GET Movies,200,OK,users 1-80,text,true,,8,8,https://november7-730026606190.europe-west1.run.app/movies/?limit=100,19693,78
1731711177627,29907,GET Movies,200,OK,users 1-84,text,true,,8,8,https://november7-730026606190.europe-west1.run.app/movies/?limit=100,19659,73
1731711177431,30103,GET Movies,200,OK,users 1-64,text,true,,8,8,https://november7-730026606190.europe-west1.run.app/movies/?limit=100,19852,73
1731711177509,30025,GET Movies,200,OK,users 1-72,text,true,,8,8,https://november7-730026606190.europe-west1.run.app/movies/?limit=100,19776,76
1731711177691,29843,GET Movies,200,OK,users 1-90,text,true,,8,8,https://november7-730026606190.europe-west1.run.app/movies/?limit=100,19593,76
1731711177117,30417,GET Movies,200,OK,users 1-33,text,true,,8,8,https://november7-730026606190.europe-west1.run.app/movies/?limit=100,20164,79
1731711177157,30377,GET Movies,200,OK,users 1-37,text,true,,8,8,https://november7-730026606190.europe-west1.run.app/movies/?limit=100,20127,76
1731711177321,30213,GET Movies,200,OK,users 1-53,text,true,,8,8,https://november7-730026606190.europe-west1.run.app/movies/?limit=100,19964,78
